[
  {
    "id": 1,
    "title": "Digital Marketing",
    "icon": "pe-7s-gleam",
    "content": "Tempore corrupti temporibus fuga earum asperiores fugit laudantium."
  },
  {
    "id": 2,
    "title": "Web & App Development",
    "icon": "pe-7s-phone",
    "content": "Tempore corrupti temporibus fuga earum asperiores fugit laudantium."
  },
  {
    "id": 3,
    "title": "Graphic Design",
    "icon": "pe-7s-magic-wand",
    "content": "Tempore corrupti temporibus fuga earum asperiores fugit laudantium."
  }
]