[
  {
    "id": 1,
    "name": "Alex Regelman",
    "position": "Co-founder, Colabrio",
    "comment": "Working with Avo digital agency to support our organic and paid social media activity has extended the marketing activities we are able to achieve platform has made collaboration easy."
  },
  {
    "id": 2,
    "name": "Alex Regelman",
    "position": "Co-founder, Colabrio",
    "comment": "Working with Avo digital agency to support our organic and paid social media activity has extended the marketing activities we are able to achieve platform has made collaboration easy."
  },
  {
    "id": 3,
    "name": "Alex Regelman",
    "position": "Co-founder, Colabrio",
    "comment": "Working with Avo digital agency to support our organic and paid social media activity has extended the marketing activities we are able to achieve platform has made collaboration easy."
  }
]