[
  {
    "id": 1,
    "title": { "first": "Hoodie", "second": "Jacket" },
    "image": "/img/portfolio/full/1.jpg",
    "sub": "Design"
  },
  {
    "id": 2,
    "title": { "first": "Eminem", "second": "Style" },
    "image": "/img/portfolio/full/4.jpg",
    "sub": "Design"
  },
  {
    "id": 3,
    "title": { "first": "Black", "second": "Panther" },
    "image": "/img/portfolio/full/5.jpg",
    "sub": "Design"
  },
  {
    "id": 4,
    "title": { "first": "Secret", "second": "Office" },
    "image": "/img/portfolio/full/6.jpg",
    "sub": "Design"
  }
]
